dateVisited,timeInStore,moneySpent,itemsBought[1-30],timeSpentInAisle[30]
11/15/2021,168,993.29,"[""Tray - 12in Rnd Blk""]","[80, 48, 71, 23, 9, 2, 49, 13, 97, 11, 36, 8, 30, 38, 90, 22, 6, 38, 7, 19, 71, 54, 31, 67, 12, 82, 4, 91, 99, 79]"
4/19/2022,83,699.99,"[""Bar Mix - Lime"", ""Wine - Barbera Alba Doc 2001"", ""Pastry - Chocolate Chip Muffin"", ""Bacardi Breezer - Strawberry"", ""Cocoa Butter"", ""Coriander - Ground"", ""Banana - Leaves"", ""Bread Fig And Almond"", ""Cinnamon Buns Sticky"", ""Soup Campbells - Tomato Bisque"", ""Kiwi"", ""Cheese - Boursin, Garlic / Herbs"", ""Plums - Red""]","[82, 64, 29, 30, 59, 37, 96, 63, 30, 59, 23, 23, 7, 60, 86, 93, 2, 61, 38, 64, 27, 23, 92, 19, 59, 34, 2, 34, 33, 93]"
1/18/2022,67,598.76,"[""Apple - Macintosh"", ""Pizza Pizza Dough"", ""Bagel - 12 Grain Preslice"", ""Wine - Duboeuf Beaujolais"", ""Cup - Translucent 7 Oz Clear"", ""Sour Puss Sour Apple"", ""Pepper - White, Ground"", ""Bar Mix - Lemon"", ""Dawn Professionl Pot And Pan"", ""Mushroom - Chantrelle, Fresh"", ""Mushroom - Chanterelle Frozen"", ""Wine - Lamancha Do Crianza"", ""Carbonated Water - White Grape"", ""Stock - Veal, Brown"", ""Carbonated Water - Strawberry"", ""Nestea - Iced Tea"", ""Napkin - Beverage 1 Ply"", ""Lime Cordial - Roses"", ""Sugar - Crumb"", ""Wine - Valpolicella Masi"", ""Oil - Cooking Spray"", ""Cardamon Seed / Pod"", ""Wine - Chianti Classico Riserva"", ""Nantucket - Pomegranate Pear"", ""Soup - Knorr, Country Bean"", ""Wine - Mondavi Coastal Private""]","[47, 5, 96, 15, 43, 9, 57, 100, 11, 70, 80, 98, 4, 30, 32, 46, 55, 62, 99, 71, 6, 91, 74, 90, 2, 100, 75, 48, 74, 21]"
12/4/2021,170,466.84,"[""Tuna - Fresh"", ""Dragon Fruit"", ""Pork - Liver"", ""Butter Sweet"", ""Fish - Soup Base, Bouillon"", ""Pear - Packum"", ""Beef - Prime Rib Aaa"", ""Soup - Knorr, Classic Can. Chili"", ""Cheese - Ermite Bleu"", ""Tomatoes - Vine Ripe, Red"", ""Pepsi - 600ml"", ""Nantucket - Pomegranate Pear"", ""Tea - Camomele"", ""Daikon Radish"", ""Chervil - Fresh"", ""Cabbage Roll"", ""Cheese - Parmesan Grated"", ""Mix - Cocktail Strawberry Daiquiri"", ""Chick Peas - Dried"", ""Table Cloth 90x90 White"", ""Vinegar - White Wine"", ""Cleaner - Lime Away"", ""Cheese - Ricotta"", ""Capon - Breast, Double, Wing On"", ""Truffle Cups - Brown""]","[93, 82, 56, 1, 45, 92, 23, 87, 8, 92, 50, 58, 96, 61, 62, 43, 85, 3, 79, 39, 68, 72, 60, 21, 76, 6, 6, 26, 38, 88]"
4/28/2022,120,4.81,"[""Versatainer Nc - 8288"", ""Oven Mitt - 13 Inch"", ""Wine - Barbera Alba Doc 2001"", ""Mushroom - Morel Frozen"", ""Wine - Red, Cabernet Sauvignon"", ""Wine - Saint Emilion Calvet"", ""Kellogs Cereal In A Cup"", ""The Pop Shoppe - Root Beer"", ""Veal - Kidney"", ""Beets"", ""Wine - Chablis 2003 Champs"", ""Soup - Campbells Mac N Cheese"", ""Cocoa Feuilletine"", ""Pork - Shoulder"", ""Stock - Beef, White"", ""Lotus Root"", ""Rolled Oats"", ""Whmis - Spray Bottle Trigger"", ""Sobe - Cranberry Grapefruit"", ""True - Vue Containers"", ""Nacho Chips"", ""Appetizer - Mango Chevre"", ""Tea - Vanilla Chai"", ""Momiji Oroshi Chili Sauce"", ""Salsify, Organic"", ""Bread - 10 Grain Parisian""]","[84, 16, 41, 72, 51, 94, 88, 3, 79, 72, 37, 76, 30, 73, 69, 63, 59, 40, 95, 27, 86, 56, 84, 69, 70, 80, 10, 82, 84, 87]"
9/21/2022,21,236.49,"[""Beer - Guiness"", ""Thyme - Lemon, Fresh"", ""Beans - Kidney, Red Dry"", ""Savory""]","[88, 87, 16, 59, 41, 7, 41, 43, 38, 80, 54, 24, 82, 3, 74, 65, 86, 71, 19, 7, 15, 70, 3, 45, 96, 83, 41, 60, 73, 4]"
7/19/2022,125,814.54,"[""Salmon Atl.whole 8 - 10 Lb"", ""Sour Puss Sour Apple"", ""Flour - Strong Pizza"", ""Maintenance Removal Charge"", ""Salmon - Atlantic, No Skin"", ""Pepper - Green, Chili"", ""Pork - Backfat"", ""Beef - Prime Rib Aaa"", ""Dr. Pepper - 355ml"", ""Rabbit - Saddles"", ""Pasta - Elbows, Macaroni, Dry"", ""Wiberg Super Cure"", ""Burger Veggie"", ""Eggplant Italian"", ""Wine - Chardonnay South"", ""Garlic Powder"", ""Syrup - Monin - Granny Smith"", ""Durian Fruit"", ""Wine - Vovray Sec Domaine Huet"", ""Wine - Toasted Head"", ""Tea - Green"", ""Whmis - Spray Bottle Trigger"", ""Bread Base - Gold Formel"", ""Rice - Wild"", ""Mushrooms - Black, Dried"", ""Coffee Caramel Biscotti"", ""Oven Mitts 17 Inch"", ""Yeast - Fresh, Fleischman"", ""Soup - French Onion""]","[72, 6, 49, 65, 82, 32, 55, 85, 75, 41, 77, 60, 45, 36, 94, 58, 98, 89, 81, 72, 60, 66, 91, 45, 29, 69, 41, 100, 22, 14]"
1/20/2022,129,755.28,"[""Broom - Corn"", ""Soup Campbells - Tomato Bisque"", ""Mushroom - King Eryingii"", ""Tomatoes - Cherry"", ""Langers - Cranberry Cocktail""]","[24, 73, 31, 10, 54, 30, 12, 26, 91, 86, 66, 64, 87, 74, 5, 21, 33, 87, 61, 51, 88, 83, 93, 18, 3, 6, 51, 68, 17, 62]"
1/16/2022,162,661.64,"[""Goat - Whole Cut"", ""V8 Pet"", ""External Supplier"", ""Food Colouring - Red"", ""Bananas"", ""Mcgillicuddy Vanilla Schnap"", ""Apricots Fresh"", ""Silicone Paper 16.5x24"", ""Milk - 2% 250 Ml"", ""Flour - Bran, Red"", ""Oil - Coconut"", ""Longos - Chicken Cordon Bleu"", ""Beef - Tenderloin - Aa"", ""Scampi Tail"", ""Beef - Striploin"", ""Honey - Comb"", ""Sesame Seed Black"", ""Juice - Ocean Spray Cranberry"", ""Yokaline"", ""Cake Circle, Foil, Scallop"", ""Coconut Milk - Unsweetened""]","[62, 98, 13, 8, 55, 43, 95, 81, 14, 41, 88, 1, 59, 29, 61, 28, 82, 32, 66, 87, 67, 57, 24, 24, 21, 50, 66, 53, 21, 15]"
6/4/2022,153,587.33,"[""True - Vue Containers"", ""Lid - 3oz Med Rec"", ""Sherbet - Raspberry"", ""Bread - Bistro White"", ""Food Colouring - Blue"", ""Pasta - Orecchiette"", ""Carrots - Purple, Organic"", ""Beans - Navy, Dry"", ""Pate Pans Yellow"", ""Beer - Molson Excel"", ""Parsnip"", ""Coffee - Frthy Coffee Crisp"", ""Turkey Tenderloin Frozen"", ""Lime Cordial - Roses"", ""Cream - 10%"", ""Smoked Paprika"", ""Duck - Legs"", ""Eggplant Italian""]","[67, 99, 4, 27, 56, 39, 10, 67, 91, 58, 11, 100, 28, 76, 6, 33, 93, 24, 14, 1, 27, 34, 24, 48, 19, 91, 22, 27, 3, 43]"
10/2/2021,139,631.02,"[""Plate Foam Laminated 9in Blk"", ""Towel Multifold"", ""Bacardi Breezer - Strawberry"", ""Garam Marsala"", ""Pail With Metal Handle 16l White"", ""Cut Wakame - Hanawakaba"", ""Chips Potato Reg 43g"", ""Fond - Chocolate"", ""Longos - Grilled Veg Sandwiches"", ""Yucca"", ""Chocolate - Mi - Amere Semi""]","[25, 53, 45, 33, 75, 46, 8, 9, 72, 15, 28, 26, 44, 17, 30, 42, 8, 96, 60, 4, 31, 40, 39, 48, 85, 97, 86, 15, 85, 45]"
2/3/2022,3,694.34,"[""Cookie - Dough Variety"", ""Wine - Black Tower Qr""]","[57, 43, 54, 44, 66, 82, 20, 1, 19, 2, 61, 21, 64, 31, 26, 58, 34, 61, 34, 13, 4, 45, 11, 69, 29, 31, 10, 92, 60, 16]"
11/8/2021,100,867.93,"[""Island Oasis - Strawberry"", ""Mushrooms - Honey"", ""Carbonated Water - Orange""]","[2, 47, 82, 84, 3, 85, 26, 54, 31, 80, 62, 93, 36, 72, 72, 71, 22, 23, 76, 8, 55, 60, 75, 94, 99, 6, 86, 99, 84, 42]"
5/18/2022,75,704.42,"[""Cup - 3.5oz, Foam"", ""Bread Base - Goodhearth"", ""Chef Hat 25cm"", ""Wine - Cotes Du Rhone"", ""Alize Sunset"", ""Aromat Spice / Seasoning"", ""Macaroons - Homestyle Two Bit"", ""Towel Multifold"", ""Sugar - White Packet"", ""Extract - Almond"", ""Creme De Menth - White"", ""Buffalo - Short Rib Fresh"", ""Mustard - Dijon"", ""Langers - Ruby Red Grapfruit"", ""Taro Root"", ""Juice - Apple 284ml""]","[69, 91, 41, 43, 9, 78, 81, 99, 89, 79, 34, 96, 63, 22, 29, 46, 78, 48, 84, 57, 20, 5, 91, 37, 36, 75, 31, 64, 39, 21]"
12/13/2021,45,271.62,"[""Cleaner - Pine Sol"", ""Pork - Kidney"", ""Yeast Dry - Fleischman"", ""Tea - Darjeeling, Azzura"", ""Crush - Grape, 355 Ml"", ""Lychee"", ""Yogurt - Cherry, 175 Gr"", ""Bag - Bread, White, Plain"", ""Sprite - 355 Ml"", ""Soup - French Can Pea"", ""Parsnip"", ""Sugar - Icing"", ""Pepperoni Slices"", ""Yogurt - Banana, 175 Gr"", ""Salt - Seasoned"", ""Broom And Broom Rack White"", ""Tuna - Fresh"", ""Waffle Stix"", ""Sour Puss Sour Apple"", ""Cheese - Shred Cheddar / Mozza"", ""Alize Red Passion"", ""Coffee - Decaffeinato Coffee"", ""Lumpfish Black"", ""Cookies Cereal Nut"", ""Cheese - Gorgonzola"", ""Eggplant Oriental"", ""Table Cloth 81x81 White"", ""Honey - Lavender""]","[88, 36, 60, 68, 68, 3, 9, 20, 71, 58, 86, 57, 43, 34, 53, 19, 57, 81, 21, 19, 30, 29, 55, 4, 35, 8, 1, 69, 41, 52]"
6/18/2022,107,307.7,"[""Mushroom - Chanterelle Frozen"", ""Pork - Bacon, Double Smoked"", ""Squash - Pepper"", ""Cinnamon - Stick"", ""Soup - Beef Conomme, Dry"", ""Curry Powder"", ""Wonton Wrappers"", ""Yogurt - French Vanilla"", ""Wine - Red, Marechal Foch"", ""Mix Pina Colada"", ""Tomatoes - Diced, Canned"", ""Vinegar - Rice"", ""Bacardi Raspberry"", ""Island Oasis - Peach Daiquiri""]","[26, 74, 30, 28, 43, 56, 37, 20, 85, 36, 76, 20, 21, 16, 62, 32, 20, 23, 49, 62, 38, 24, 91, 57, 41, 76, 37, 31, 20, 53]"
4/14/2022,136,551.72,"[""Vermouth - Sweet, Cinzano"", ""Onion Powder"", ""Bread - Pumpernickel"", ""Sauce - Hoisin"", ""Lamb - Ground"", ""Tart Shells - Barquettes, Savory"", ""Tamarillo"", ""Olives - Stuffed"", ""Cheese - Camembert"", ""Roe - Lump Fish, Black"", ""Sugar - Monocystal / Rock"", ""Scallops - 10/20"", ""Chicken - Leg, Fresh"", ""Pork - Backfat"", ""Avocado"", ""Onions - White"", ""Aspic - Amber"", ""Kippers - Smoked""]","[39, 87, 61, 15, 9, 48, 47, 89, 13, 72, 99, 58, 25, 100, 72, 52, 88, 26, 92, 83, 1, 70, 50, 60, 4, 53, 94, 6, 61, 83]"
1/8/2022,41,629.33,"[""Cleaner - Lime Away"", ""Chivas Regal - 12 Year Old"", ""Sugar - Cubes"", ""Muffin - Mix - Strawberry Rhubarb"", ""Wine - Wyndham Estate Bin 777"", ""Dooleys Toffee"", ""Muffin Mix - Carrot"", ""Bread - Pullman, Sliced"", ""Horseradish Root"", ""Lettuce - Red Leaf"", ""Cheese - Sheep Milk"", ""Wine - Kwv Chenin Blanc South"", ""Pumpkin - Seed""]","[8, 64, 50, 62, 69, 16, 26, 93, 91, 73, 67, 8, 65, 73, 3, 19, 11, 57, 16, 37, 76, 29, 87, 38, 29, 72, 66, 78, 67, 62]"
2/14/2022,40,396.69,"[""Radish - Pickled"", ""Thermometer Digital"", ""Lamb - Whole, Fresh"", ""Cheese - Bakers Cream Cheese"", ""Pork - Back, Long Cut, Boneless"", ""Ice Cream - Turtles Stick Bar"", ""Shrimp - Black Tiger 8 - 12"", ""Vinegar - Cider"", ""Venison - Liver"", ""Muskox - French Rack"", ""Dikon"", ""Milkettes - 2%"", ""Potatoes - Yukon Gold 5 Oz"", ""Black Currants"", ""Lamb - Rack"", ""Pork - Ground"", ""Squash - Butternut""]","[54, 47, 81, 8, 33, 69, 46, 40, 79, 91, 86, 62, 91, 41, 10, 71, 51, 11, 20, 13, 27, 41, 30, 27, 22, 44, 71, 16, 59, 13]"
8/14/2022,10,517.78,"[""Bandage - Flexible Neon"", ""Beef - Short Ribs"", ""Skirt - 29 Foot""]","[89, 31, 27, 7, 57, 36, 61, 13, 69, 57, 54, 68, 56, 19, 22, 35, 76, 12, 73, 4, 12, 26, 89, 90, 22, 44, 23, 86, 82, 85]"
12/5/2021,166,160.43,"[""Artichokes - Jerusalem"", ""Juice - Orangina"", ""Octopus - Baby, Cleaned"", ""Container - Clear 32 Oz"", ""Wine - Hardys Bankside Shiraz"", ""Ham - Smoked, Bone - In"", ""Pork - Loin, Boneless"", ""Shrimp - Tiger 21/25"", ""Tart Shells - Savory, 3"", ""Beer - Blue"", ""Muffin - Bran Ind Wrpd"", ""Tortillas - Flour, 8"", ""Bagel - Whole White Sesame"", ""Fondant - Icing"", ""Bread - Crumbs, Bulk"", ""Pail - 15l White, With Handle"", ""Sauce - Soya, Light"", ""Wine - Acient Coast Caberne"", ""Salmon Atl.whole 8 - 10 Lb"", ""Lemon Balm - Fresh"", ""Stock - Chicken, White"", ""Blackberries"", ""Sour Puss Raspberry""]","[21, 18, 82, 61, 11, 36, 56, 94, 61, 78, 41, 67, 33, 93, 12, 74, 95, 57, 44, 16, 24, 86, 10, 55, 30, 41, 61, 67, 62, 86]"
2/15/2022,87,88.62,"[""Yeast Dry - Fermipan"", ""Nantucket Orange Juice"", ""Wine - Two Oceans Sauvignon"", ""Okra"", ""Juice - V8 Splash"", ""Ecolab - Hobart Upr Prewash Arm"", ""Bananas"", ""Salmon Steak - Cohoe 6 Oz"", ""Veal - Insides, Grains"", ""Nut - Pistachio, Shelled"", ""Cheese - Wine"", ""Yukon Jack"", ""Sauce - Salsa"", ""Mushroom - Porcini, Dry"", ""Wine - Duboeuf Beaujolais"", ""Celery"", ""Pork - Side Ribs""]","[50, 63, 66, 30, 64, 55, 6, 9, 4, 3, 85, 35, 58, 96, 83, 61, 35, 52, 97, 6, 7, 10, 94, 81, 46, 24, 22, 58, 46, 8]"
4/10/2022,68,282.89,"[""Buffalo - Short Rib Fresh"", ""Tomato Paste"", ""Steampan - Lid For Half Size"", ""Pate - Cognac"", ""Kiwano"", ""Soup - Campbells, Minestrone"", ""Chip - Potato Dill Pickle"", ""Cheese - Wine"", ""Table Cloth 120 Round White"", ""Yogurt - Strawberry, 175 Gr"", ""Carrots - Mini, Stem On"", ""Bread - English Muffin"", ""Daikon Radish"", ""Nantucket Pine Orangebanana"", ""Lamb Leg - Bone - In Nz"", ""Beer - Guiness"", ""Tea - Herbal Orange Spice"", ""Muffin Chocolate Individual Wrap"", ""Cookie Dough - Double"", ""Wine - Chardonnay Mondavi"", ""Lemon Balm - Fresh"", ""Wine - Ruffino Chianti Classico"", ""Anchovy Fillets"", ""Beer - Moosehead"", ""Bandage - Fexible 1x3"", ""Coke - Diet, 355 Ml"", ""Pork - Tenderloin, Frozen"", ""Chips Potato Reg 43g""]","[88, 67, 74, 71, 7, 45, 1, 40, 76, 4, 73, 74, 75, 65, 28, 17, 13, 84, 83, 48, 70, 62, 79, 28, 28, 26, 77, 93, 72, 10]"
1/8/2022,128,924.99,"[""Goulash Seasoning"", ""Mushroom Morel Fresh""]","[25, 94, 78, 89, 49, 63, 65, 72, 48, 49, 73, 77, 53, 72, 43, 48, 49, 89, 60, 29, 50, 28, 76, 53, 13, 84, 54, 86, 49, 97]"
5/8/2022,81,982.72,"[""Vinegar - Rice"", ""Wine - Savigny - Les - Beaune"", ""Hold Up Tool Storage Rack"", ""Carbonated Water - Orange"", ""Chicken Breast Wing On"", ""Wine - German Riesling"", ""Flower - Commercial Bronze"", ""Flour - Strong Pizza"", ""Juice - Apple Cider""]","[40, 20, 49, 71, 58, 91, 13, 60, 1, 51, 52, 72, 95, 29, 56, 71, 57, 3, 24, 58, 9, 98, 1, 62, 17, 43, 11, 39, 61, 94]"
5/23/2022,117,434.45,"[""English Muffin"", ""Bread - Crusty Italian Poly"", ""Orange Roughy 4/6 Oz"", ""Bread - Corn Muffaletta"", ""Extract - Lemon""]","[93, 39, 81, 88, 59, 80, 26, 39, 44, 100, 18, 18, 95, 74, 50, 7, 24, 87, 50, 14, 6, 10, 30, 38, 9, 92, 42, 85, 45, 64]"
6/23/2022,124,933.36,"[""Garam Masala Powder"", ""Wine - Red, Metus Rose"", ""Chocolate - Milk, Callets"", ""Flour - Semolina"", ""Lamb - Rack"", ""Zucchini - Green"", ""Soup - Campbellschix Stew"", ""Blouse / Shirt / Sweater"", ""Broccoli - Fresh"", ""Swiss Chard - Red"", ""Muskox - French Rack"", ""Pasta - Fettuccine, Egg, Fresh"", ""Sauce Bbq Smokey"", ""Dry Ice"", ""Sambuca - Ramazzotti"", ""Rice - Brown"", ""Juice - Propel Sport"", ""Shrimp - 150 - 250"", ""Appetizer - Crab And Brie"", ""Bacardi Mojito"", ""Ice Cream - Chocolate"", ""Longos - Lasagna Beef"", ""Bagelers"", ""Mushroom - King Eryingii"", ""Lid Tray - 16in Dome"", ""Table Cloth 54x72 White"", ""Tandoori Curry Paste"", ""Aromat Spice / Seasoning""]","[69, 50, 45, 33, 39, 49, 88, 5, 31, 89, 15, 7, 72, 97, 61, 45, 99, 74, 83, 63, 16, 23, 51, 47, 89, 78, 88, 98, 83, 9]"
8/29/2022,66,433.03,"[""Mcgillicuddy Vanilla Schnap""]","[48, 79, 24, 37, 98, 68, 24, 10, 35, 6, 51, 91, 41, 96, 2, 66, 86, 88, 46, 24, 7, 29, 78, 56, 74, 27, 23, 2, 1, 96]"
9/15/2022,26,190.61,"[""Cheese - Cottage Cheese"", ""Bread - Crumbs, Bulk"", ""Petit Baguette"", ""Cilantro / Coriander - Fresh""]","[12, 43, 19, 1, 55, 100, 16, 75, 28, 58, 28, 94, 69, 18, 32, 34, 1, 52, 23, 21, 70, 76, 2, 47, 6, 2, 64, 56, 26, 83]"
3/8/2022,67,632.6,"[""Roe - Lump Fish, Black"", ""Tomatoes - Plum, Canned"", ""Carbonated Water - Cherry"", ""Wine - Zinfandel Rosenblum"", ""Pork - Ground"", ""Grapes - Green"", ""Cocktail Napkin Blue"", ""French Pastry - Mini Chocolate"", ""Butcher Twine 4r"", ""Wine - Fume Blanc Fetzer"", ""Wine - Pinot Noir Stoneleigh"", ""Pepper Squash"", ""Cake - Bande Of Fruit"", ""Soup - Campbells - Chicken Noodle"", ""Napkin White"", ""Cheese - Ermite Bleu""]","[72, 6, 82, 4, 53, 73, 47, 37, 71, 94, 1, 13, 78, 50, 3, 93, 5, 66, 33, 1, 100, 95, 75, 50, 98, 88, 2, 86, 96, 55]"
6/17/2022,82,775.39,"[""Food Colouring - Blue"", ""Flavouring - Orange"", ""Wine - Magnotta - Red, Baco"", ""Muffin Puck Ww Carrot"", ""Pork - Backfat"", ""Nut - Pecan, Pieces"", ""Pernod"", ""Quail - Whole, Bone - In"", ""Flavouring Vanilla Artificial"", ""Juice - Tomato, 10 Oz"", ""Energy Drink"", ""Wine - Red, Lurton Merlot De"", ""Wine - Vouvray Cuvee Domaine"", ""Sausage - Liver"", ""Ostrich - Fan Fillet"", ""Magnotta Bel Paese Red"", ""Nantucket - Kiwi Berry Cktl."", ""Pear - Prickly"", ""Ginger - Pickled"", ""Beef - Inside Round"", ""Flavouring Vanilla Artificial"", ""Pasta - Detalini, White, Fresh"", ""Phyllo Dough"", ""Tomato - Plum With Basil"", ""Puree - Guava"", ""Ice Cream Bar - Hageen Daz To"", ""Cheese - Augre Des Champs""]","[93, 92, 70, 99, 9, 30, 13, 1, 49, 9, 94, 3, 92, 97, 73, 5, 5, 87, 44, 40, 24, 8, 14, 51, 7, 91, 69, 73, 7, 49]"
6/6/2022,60,923.78,"[""Flour - So Mix Cake White"", ""Molasses - Fancy"", ""Frangelico"", ""Wine - Red, Pinot Noir, Chateau"", ""Veal - Chops, Split, Frenched"", ""Pasta - Fettuccine, Egg, Fresh"", ""Rice - Brown"", ""Bar Energy Chocchip"", ""Icecream Cone - Areo Chocolate"", ""Longos - Greek Salad"", ""Kirsch - Schloss"", ""Clam - Cherrystone"", ""Chips - Doritos"", ""Tuna - Sushi Grade"", ""Ice - Clear, 300 Lb For Carving"", ""Roe - White Fish"", ""Tea - Jasmin Green"", ""Carrots - Jumbo"", ""Seedlings - Mix, Organic""]","[83, 23, 86, 46, 87, 42, 27, 58, 15, 13, 14, 12, 71, 29, 13, 58, 62, 88, 28, 61, 70, 60, 16, 19, 78, 95, 39, 45, 13, 62]"
4/5/2022,132,683.1,"[""Beef Tenderloin Aaa"", ""Soup - Tomato Mush. Florentine"", ""Beans - Butter Lrg Lima"", ""Pepper - Julienne, Frozen"", ""Butter Balls Salted"", ""Olives - Morracan Dired""]","[97, 35, 1, 57, 62, 7, 83, 100, 50, 99, 81, 61, 44, 93, 26, 8, 56, 20, 73, 23, 10, 95, 35, 50, 52, 77, 88, 40, 58, 4]"
5/28/2022,124,439.78,"[""Bread Crumbs - Panko"", ""Spring Roll Veg Mini"", ""Rum - Mount Gay Eclipes"", ""Beef - Eye Of Round"", ""Whmis Spray Bottle Graduated""]","[23, 90, 24, 69, 84, 51, 39, 55, 45, 95, 30, 69, 43, 7, 80, 65, 21, 30, 40, 32, 15, 41, 32, 45, 36, 87, 57, 47, 14, 95]"
11/21/2021,150,509.38,"[""Bread - Sticks, Thin, Plain"", ""Lid - 16 Oz And 32 Oz"", ""Soup - Canadian Pea, Dry Mix"", ""Bag Stand"", ""Nut - Hazelnut, Ground, Natural"", ""Pork - Hock And Feet Attached"", ""Pasta - Agnolotti - Butternut"", ""Water - San Pellegrino"", ""Sugar - Palm"", ""Cleaner - Pine Sol"", ""Bread - Rolls, Corn"", ""Nougat - Paste / Cream"", ""Soup - Knorr, Chicken Gumbo"", ""Pepper Squash"", ""Sausage - Chorizo"", ""Gatorade - Cool Blue Raspberry"", ""Potatoes - Peeled"", ""Salmon Steak - Cohoe 8 Oz"", ""Venison - Racks Frenched"", ""Brandy Cherry - Mcguinness"", ""Cake Sheet Combo Party Pack"", ""Red Currants"", ""Wine - White, Lindemans Bin 95"", ""The Pop Shoppe - Black Cherry"", ""Syrup - Monin - Blue Curacao""]","[96, 88, 65, 2, 92, 56, 63, 94, 95, 82, 29, 92, 6, 88, 7, 9, 5, 5, 12, 8, 21, 34, 54, 92, 44, 9, 48, 87, 91, 52]"
7/18/2022,177,5.8,"[""Cauliflower"", ""Alize Sunset"", ""Tea - English Breakfast"", ""Wine - Coteaux Du Tricastin Ac"", ""Venison - Striploin"", ""Tamarillo"", ""Veal - Sweetbread"", ""Green Tea Refresher"", ""Crab Meat Claw Pasteurise"", ""Sugar - Splenda Sweetener"", ""Rabbit - Saddles"", ""Rabbit - Whole"", ""Fudge - Cream Fudge"", ""Cake - French Pear Tart"", ""Crackers - Melba Toast"", ""Syrup - Monin, Amaretta"", ""Pepper - Red Thai"", ""Soup - Knorr, Classic Can. Chili"", ""Spice - Pepper Portions"", ""Cornish Hen"", ""Bread - White, Unsliced"", ""Ecolab - Ster Bac""]","[37, 49, 59, 81, 98, 9, 23, 21, 40, 74, 48, 27, 91, 62, 8, 43, 75, 17, 73, 45, 57, 29, 68, 31, 50, 34, 53, 96, 58, 10]"
6/10/2022,151,19.16,"[""Wine - Chateau Bonnet"", ""Lotus Root"", ""Rosemary - Fresh"", ""Fib N9 - Prague Powder"", ""Pepper - Red Chili"", ""Mikes Hard Lemonade"", ""Eggs - Extra Large"", ""Rice Wine - Aji Mirin"", ""Liquid Aminios Acid - Braggs"", ""Mushroom - White Button"", ""Wood Chips - Regular"", ""Beer - Sleeman Fine Porter"", ""Cheese - Shred Cheddar / Mozza"", ""Lettuce - Escarole"", ""Hickory Smoke, Liquid"", ""Plastic Arrow Stir Stick"", ""Chocolate - Semi Sweet"", ""Kellogs Special K Cereal"", ""Momiji Oroshi Chili Sauce"", ""Beef Cheek Fresh"", ""Dates"", ""Dried Peach"", ""Cake - Sheet Strawberry"", ""Strawberries - California"", ""Tart Shells - Sweet, 3"", ""Bag - Clear 7 Lb"", ""Energy Drink - Franks Pineapple""]","[9, 18, 87, 47, 11, 18, 5, 23, 7, 53, 75, 23, 54, 1, 100, 26, 90, 73, 19, 87, 26, 79, 78, 73, 32, 3, 52, 50, 90, 27]"
6/3/2022,165,464.96,"[""Cheese - Brie"", ""Ecolab - Hobart Washarm End Cap"", ""Wine - Ice Wine"", ""Mushroom - Trumpet, Dry"", ""Fruit Salad Deluxe"", ""Oil - Truffle, White"", ""Sobe - Liz Blizz"", ""Crab - Blue, Frozen"", ""Chef Hat 25cm"", ""Potatoes - Peeled""]","[86, 10, 18, 90, 86, 100, 67, 91, 88, 69, 58, 39, 94, 67, 78, 88, 6, 64, 79, 47, 75, 37, 87, 47, 78, 16, 36, 27, 52, 60]"
2/7/2022,130,894.75,"[""Barramundi"", ""Mikes Hard Lemonade"", ""Lamb - Whole, Frozen"", ""Pasta - Penne, Lisce, Dry"", ""Doilies - 7, Paper"", ""Remy Red"", ""Garlic - Peeled"", ""Guinea Fowl"", ""Okra"", ""Grapes - Black"", ""Wine - Mas Chicet Rose, Vintage"", ""Cheese - Shred Cheddar / Mozza"", ""Sauce - Hoisin"", ""Pork - Bacon,back Peameal"", ""Turnip - White"", ""Crackers - Graham"", ""Wine - Trimbach Pinot Blanc"", ""Cactus Pads"", ""Sugar - Crumb"", ""Asparagus - White, Canned"", ""Soupfoamcont12oz 112con"", ""Piping - Bags Quizna"", ""Squash - Pepper""]","[22, 6, 39, 6, 85, 42, 18, 34, 29, 94, 99, 39, 24, 70, 92, 44, 63, 49, 24, 57, 41, 45, 76, 45, 36, 39, 31, 7, 26, 96]"
1/28/2022,47,721.97,"[""Cheese - Mozzarella, Shredded"", ""Beans - Butter Lrg Lima"", ""Soup - Cream Of Broccoli, Dry"", ""Cookie Dough - Double"", ""Macaroons - Homestyle Two Bit"", ""Beer - Sleeman Fine Porter"", ""Nutmeg - Ground"", ""Spice - Montreal Steak Spice"", ""Wine - Sake"", ""Chocolate Bar - Reese Pieces"", ""Extract - Almond"", ""Transfer Sheets"", ""Wiberg Super Cure"", ""Roe - Lump Fish, Black"", ""External Supplier"", ""Mint - Fresh"", ""Chambord Royal"", ""Chambord Royal"", ""Chicken Breast Wing On""]","[67, 57, 1, 54, 74, 28, 56, 4, 84, 29, 77, 31, 40, 51, 76, 61, 27, 25, 79, 93, 41, 97, 6, 56, 86, 13, 26, 78, 30, 99]"
10/19/2021,53,873.55,"[""Cheese - Le Cheve Noir"", ""Wine - Lamancha Do Crianza"", ""Pail For Lid 1537"", ""Flour - Fast / Rapid"", ""Pork - Butt, Boneless"", ""Water - Green Tea Refresher"", ""Sausage - Blood Pudding""]","[70, 38, 49, 86, 73, 91, 76, 46, 50, 59, 27, 8, 86, 27, 19, 93, 89, 19, 16, 36, 57, 72, 13, 53, 78, 59, 81, 56, 46, 26]"
3/16/2022,164,585.13,"[""Knife Plastic - White"", ""Pepper - White, Whole"", ""Sugar - Palm"", ""Ocean Spray - Kiwi Strawberry"", ""Dried Apple"", ""Beans - Fava, Canned"", ""Bandage - Fexible 1x3"", ""Nut - Pine Nuts, Whole"", ""Cleaner - Bleach"", ""Oil - Olive"", ""Cookies Oatmeal Raisin"", ""Venison - Ground"", ""Capers - Pickled"", ""Tandoori Curry Paste"", ""Kolrabi"", ""Coffee - Irish Cream"", ""Cheese - Cheddar, Mild"", ""Lemonade - Pineapple Passion""]","[69, 17, 8, 90, 58, 48, 61, 87, 47, 32, 84, 89, 69, 72, 36, 40, 35, 12, 93, 19, 55, 4, 81, 62, 23, 63, 56, 71, 17, 71]"
7/24/2022,148,348.85,"[""Halibut - Fletches"", ""Napkin Colour"", ""Filo Dough"", ""Cassis"", ""Longos - Greek Salad"", ""Fennel"", ""Oil - Truffle, Black"", ""Tomatoes - Vine Ripe, Red"", ""Wine - Mondavi Coastal Private"", ""Muffin Batt - Ban Dream Zero"", ""Vodka - Hot, Lnferno"", ""Soup - Campbells Pasta Fagioli"", ""Bread - Sticks, Thin, Plain"", ""Appetizer - Chicken Satay"", ""Chambord Royal"", ""Soup - Beef, Base Mix"", ""Wine - Zonnebloem Pinotage"", ""Puree - Blackcurrant"", ""Thyme - Dried"", ""Longos - Lasagna Beef"", ""Ostrich - Prime Cut"", ""Fireball Whisky"", ""Ranchero - Primerba, Paste"", ""Pasta - Shells, Medium, Dry""]","[49, 14, 15, 28, 96, 89, 58, 15, 86, 86, 98, 45, 75, 35, 98, 39, 55, 56, 5, 88, 91, 56, 22, 53, 15, 49, 14, 25, 99, 96]"
7/23/2022,28,472.62,"[""Bar Mix - Pina Colada, 355 Ml""]","[96, 10, 5, 30, 83, 2, 26, 91, 39, 52, 43, 70, 56, 81, 85, 44, 4, 51, 16, 50, 82, 79, 26, 46, 30, 80, 52, 68, 97, 47]"
1/11/2022,121,762.48,"[""Veal - Inside, Choice"", ""Port - 74 Brights"", ""Wine - Champagne Brut Veuve"", ""Muffin Mix - Chocolate Chip"", ""Capon - Breast, Wing On"", ""Tea - Lemon Scented"", ""Veal - Nuckle"", ""Cheese - Cheddar With Claret"", ""Seabream Whole Farmed"", ""Pork - Smoked Kassler"", ""Jerusalem Artichoke"", ""Bouq All Italian - Primerba"", ""Bread Bowl Plain"", ""Wine - Muscadet Sur Lie"", ""Mayonnaise - Individual Pkg"", ""Rice - Long Grain"", ""Cheese - Mozzarella"", ""Rum - Coconut, Malibu"", ""Tea - Herbal - 6 Asst""]","[68, 45, 74, 49, 93, 6, 27, 3, 68, 16, 21, 89, 5, 68, 89, 73, 99, 49, 86, 3, 7, 93, 72, 1, 98, 40, 33, 65, 21, 18]"
11/21/2021,14,908.54,"[""Tea - Lemon Green Tea"", ""Coffee - French Vanilla Frothy"", ""Garlic - Elephant"", ""Cakes Assorted"", ""Sloe Gin - Mcguinness"", ""Tea - Herbal Sweet Dreams"", ""Chicken - Breast, 5 - 7 Oz"", ""Smoked Paprika"", ""Chips - Miss Vickies"", ""Turkey - Oven Roast Breast"", ""Jerusalem Artichoke"", ""Basil - Primerba, Paste"", ""Cheese - Brick With Onion"", ""Chips Potato Salt Vinegar 43g"", ""Nutmeg - Ground"", ""Soup Bowl Clear 8oz92008"", ""Sage Ground Wiberg""]","[8, 12, 96, 51, 92, 45, 16, 17, 52, 16, 16, 96, 74, 44, 44, 73, 82, 89, 94, 6, 6, 26, 85, 91, 85, 97, 3, 79, 48, 26]"
10/30/2021,149,994.03,"[""Wine - Duboeuf Beaujolais"", ""Oregano - Fresh"", ""Wine - Zinfandel California 2002"", ""Water - Green Tea Refresher"", ""Pepper - Black, Ground"", ""Mudslide"", ""Extract - Vanilla,artificial"", ""Juice - V8, Tomato"", ""Pork - Hock And Feet Attached"", ""Catfish - Fillets"", ""Sandwich Wrap"", ""Tart Shells - Barquettes, Savory"", ""Mushroom - Chantrelle, Fresh"", ""Plate Foam Laminated 9in Blk"", ""Pimento - Canned"", ""Yucca"", ""Pastry - Chocolate Marble Tea""]","[48, 20, 23, 63, 71, 53, 70, 51, 15, 33, 18, 52, 95, 31, 78, 67, 99, 28, 100, 71, 63, 50, 71, 28, 61, 14, 47, 36, 14, 72]"
11/11/2021,26,236.47,"[""Steel Wool S.o.s"", ""Wine - Red, Mouton Cadet"", ""Nougat - Paste / Cream"", ""Pork Ham Prager""]","[27, 93, 44, 56, 61, 69, 4, 25, 58, 74, 85, 19, 17, 19, 78, 53, 91, 73, 79, 92, 89, 75, 8, 67, 73, 65, 6, 47, 59, 100]"
5/11/2022,136,800.89,"[""Sobe - Cranberry Grapefruit"", ""Chicken Breast Halal"", ""Broom And Broom Rack White"", ""Grapefruit - Pink"", ""Foil - 4oz Custard Cup"", ""Foil - Round Foil"", ""Broom - Corn"", ""Sage - Ground"", ""Greens Mustard"", ""Pickles - Gherkins"", ""Pepper - Red Thai"", ""Pepper - Paprika, Spanish"", ""Oven Mitt - 13 Inch"", ""Puree - Blackcurrant"", ""Chocolate - Semi Sweet, Calets"", ""Puree - Kiwi"", ""Lamb Tenderloin Nz Fr"", ""Soup - Campbells, Minestrone"", ""Creme De Menth - White"", ""Bread Base - Toscano"", ""Cheese - Valancey"", ""Triple Sec - Mcguinness""]","[36, 98, 51, 36, 43, 53, 17, 45, 78, 6, 35, 46, 29, 94, 61, 4, 17, 23, 26, 46, 6, 93, 45, 19, 74, 32, 2, 81, 92, 77]"
6/25/2022,74,118.16,"[""Puree - Mango"", ""Chickensplit Half"", ""Evaporated Milk - Skim"", ""Egg Patty Fried"", ""Sugar - Fine"", ""Nut - Hazelnut, Whole"", ""Wine - Ruffino Chianti Classico"", ""Wine - Niagara Peninsula Vqa""]","[95, 5, 81, 69, 86, 81, 34, 45, 16, 20, 47, 75, 87, 76, 19, 20, 74, 48, 50, 99, 65, 6, 78, 56, 85, 22, 50, 16, 65, 29]"
10/28/2021,80,157.82,"[""Pimento - Canned"", ""Eggplant - Regular"", ""Bagels Poppyseed"", ""Cookie Choc"", ""Absolut Citron""]","[10, 79, 82, 70, 52, 20, 40, 80, 3, 3, 87, 91, 19, 25, 11, 73, 2, 23, 12, 38, 94, 40, 73, 52, 70, 25, 85, 66, 96, 71]"
8/6/2022,78,594.29,"[""Longos - Chicken Curried"", ""Wine - Malbec Trapiche Reserve"", ""Glaze - Apricot"", ""Flour - Strong Pizza"", ""Mushroom - Crimini"", ""Soup - Boston Clam Chowder"", ""Wine - Alsace Gewurztraminer"", ""Calypso - Lemonade"", ""Beef - Ox Tongue"", ""Beans - Fava Fresh"", ""Split Peas - Yellow, Dry"", ""Nutmeg - Ground"", ""Nantucket - Orange Mango Cktl"", ""Cheese - Mozzarella, Shredded"", ""Longos - Grilled Veg Sandwiches"", ""Doilies - 8, Paper""]","[55, 7, 72, 1, 80, 99, 76, 15, 47, 91, 98, 20, 93, 13, 8, 15, 90, 12, 73, 91, 28, 30, 87, 12, 80, 57, 74, 77, 46, 62]"
8/27/2022,28,413.25,"[""Flour - Masa De Harina Mexican"", ""Hot Chocolate - Individual"", ""Tea - Herbal - 6 Asst"", ""Glass Clear 8 Oz"", ""Apple - Delicious, Red"", ""Water - Perrier"", ""Bread - Hot Dog Buns"", ""Spinach - Spinach Leaf"", ""Milk - 2% 250 Ml"", ""Ocean Spray - Kiwi Strawberry"", ""Chicken - Breast, 5 - 7 Oz"", ""Water - Spring Water 500ml"", ""Wine - Barossa Valley Estate"", ""Coffee - Irish Cream"", ""Nori Sea Weed"", ""Asparagus - Frozen"", ""Bread - Mini Hamburger Bun"", ""Sole - Dover, Whole, Fresh"", ""Garam Masala Powder"", ""Tia Maria"", ""Kirsch - Schloss"", ""Wine - Prem Select Charddonany"", ""Pants Custom Dry Clean"", ""Kippers - Smoked"", ""Oil - Olive Bertolli"", ""Tea - Decaf 1 Cup"", ""Wine La Vielle Ferme Cote Du"", ""Miso - Soy Bean Paste"", ""Cake - French Pear Tart"", ""Bamboo Shoots - Sliced""]","[63, 94, 69, 2, 18, 36, 3, 74, 2, 30, 66, 4, 5, 2, 44, 29, 20, 27, 43, 15, 19, 12, 66, 73, 84, 63, 46, 61, 98, 47]"
5/13/2022,160,306.68,"[""Wine - Ice Wine"", ""Bar - Sweet And Salty Chocolate"", ""Tea - Green"", ""Chick Peas - Dried"", ""Potatoes - Purple, Organic"", ""Spoon - Soup, Plastic"", ""Oil - Sesame"", ""Lobak"", ""Beef - Tenderlion, Center Cut"", ""Oven Mitt - 13 Inch"", ""Jello - Assorted"", ""Wine - Masi Valpolocell"", ""Wine - Sogrape Mateus Rose"", ""Oil - Olive Bertolli"", ""Celery Root"", ""Longan"", ""Tea - Jasmin Green"", ""Beer - Labatt Blue"", ""Wine - Periguita Fonseca"", ""Crab - Dungeness, Whole""]","[83, 60, 22, 50, 74, 72, 58, 83, 43, 21, 92, 53, 89, 14, 2, 72, 7, 73, 90, 92, 28, 51, 89, 53, 36, 76, 100, 23, 65, 10]"
11/9/2021,108,554.77,"[""Beef - Striploin Aa"", ""Pepper - White, Whole"", ""Cake - Lemon Chiffon"", ""Trueblue - Blueberry"", ""Nectarines"", ""Chicken - Whole Fryers"", ""Lamb - Pieces, Diced"", ""Pork - Loin, Bone - In"", ""Bonito Flakes - Toku Katsuo"", ""Appetizer - Spring Roll, Veg"", ""Celery"", ""Muffin Mix - Corn Harvest"", ""Hummus - Spread"", ""Appetizer - Asian Shrimp Roll"", ""Carbonated Water - Strawberry""]","[41, 58, 25, 60, 58, 49, 40, 27, 68, 45, 33, 97, 58, 93, 24, 62, 14, 36, 44, 33, 33, 63, 24, 37, 83, 4, 32, 45, 40, 15]"
7/19/2022,164,742.84,"[""Bread - Bagels, Mini"", ""Beer - Upper Canada Lager"", ""Oats Large Flake"", ""English Muffin"", ""Beer - Moosehead""]","[40, 3, 44, 22, 39, 27, 47, 19, 94, 48, 99, 25, 45, 52, 82, 100, 99, 37, 8, 59, 80, 3, 89, 74, 2, 88, 92, 68, 92, 86]"
10/5/2021,123,865.79,"[""Beer - Maudite"", ""Napkin White - Starched"", ""Fish - Atlantic Salmon, Cold"", ""Turnip - White"", ""Crawfish"", ""Wine - Cousino Macul Antiguas"", ""Cleaner - Pine Sol"", ""Fork - Plastic"", ""Cafe Royale"", ""Cake - Lemon Chiffon"", ""Beans - Black Bean, Preserved"", ""Pork - Hock And Feet Attached"", ""Bread - Corn Muffaletta"", ""Loaf Pan - 2 Lb, Foil"", ""Tahini Paste"", ""Hot Choc Vending"", ""Soup - Base Broth Beef"", ""Cornish Hen""]","[10, 29, 50, 34, 64, 78, 12, 28, 9, 36, 57, 35, 8, 90, 85, 31, 68, 38, 94, 61, 66, 36, 39, 39, 28, 54, 58, 49, 43, 18]"
2/20/2022,31,904.98,"[""Bread - 10 Grain Parisian"", ""Mousse - Banana Chocolate"", ""Passion Fruit"", ""Bread - Burger"", ""Pepsi, 355 Ml"", ""Apple - Royal Gala"", ""Pork - Sausage Casing"", ""Kiwi"", ""Lettuce - Belgian Endive"", ""Juice Peach Nectar"", ""Napkin White"", ""Wine - Delicato Merlot"", ""Bar Mix - Lime"", ""Cheese - Montery Jack"", ""Milk - Buttermilk"", ""Nectarines"", ""Juice - Orange 1.89l"", ""Wine - Red, Antinori Santa"", ""Soup - Boston Clam Chowder"", ""Cake - French Pear Tart"", ""Cheese - Montery Jack""]","[63, 5, 3, 93, 2, 34, 42, 77, 13, 80, 5, 38, 68, 66, 54, 66, 5, 24, 70, 30, 84, 52, 64, 35, 88, 96, 81, 17, 60, 73]"
8/28/2022,96,733.58,"[""Bread - Dark Rye"", ""Mackerel Whole Fresh"", ""Chocolate - Milk"", ""Apricots - Dried"", ""Napkin - Dinner, White"", ""Onions - Cooking"", ""Avocado"", ""Ice Cream - Vanilla"", ""Bacon Strip Precooked"", ""Crackers - Graham"", ""Nantucket - Orange Mango Cktl"", ""Tea - Herbal I Love Lemon"", ""Vanilla Beans"", ""Venison - Racks Frenched"", ""Tart - Lemon"", ""Butcher Twine 4r"", ""Wine - Kwv Chenin Blanc South"", ""Cookies - Fortune"", ""Tamarind Paste"", ""Mints - Striped Red"", ""Filling - Mince Meat"", ""Pail - 15l White, With Handle"", ""Bread - Pumpernickle, Rounds"", ""Pork - Hock And Feet Attached"", ""Butter Ripple - Phillips"", ""Napkin Colour"", ""Pastry - Plain Baked Croissant"", ""Beer - Mcauslan Apricot"", ""Wine - Niagara Peninsula Vqa"", ""Muffin - Mix - Strawberry Rhubarb""]","[96, 30, 15, 26, 60, 54, 52, 56, 64, 100, 69, 24, 46, 75, 69, 99, 76, 65, 4, 54, 41, 90, 15, 64, 31, 38, 67, 4, 95, 80]"
5/21/2022,41,272.05,"[""Cheese - Manchego, Spanish"", ""Bouq All Italian - Primerba"", ""Container - Foam Dixie 12 Oz"", ""Vol Au Vents"", ""Tea - Darjeeling, Azzura""]","[5, 29, 52, 3, 21, 64, 52, 18, 41, 7, 20, 21, 39, 61, 89, 7, 20, 27, 2, 63, 44, 29, 77, 69, 92, 26, 26, 1, 87, 45]"
7/19/2022,15,96.6,"[""Rice - Long Grain"", ""Pastry - Cheese Baked Scones"", ""Paper - Brown Paper Mini Cups"", ""Bread Crumbs - Panko"", ""Sandwich Wrap"", ""Danishes - Mini Raspberry"", ""Pepsi, 355 Ml"", ""Chicken - Thigh, Bone In"", ""Pastry - Banana Muffin - Mini"", ""Paste - Black Olive"", ""Oil - Margarine"", ""Pastry - Baked Cinnamon Stick"", ""Grouper - Fresh"", ""Shrimp - Black Tiger 8 - 12""]","[99, 85, 57, 44, 23, 79, 28, 85, 79, 80, 36, 98, 82, 8, 96, 20, 68, 1, 64, 29, 40, 75, 7, 1, 29, 31, 6, 60, 80, 46]"
1/21/2022,51,628.72,"[""Table Cloth 53x53 White"", ""Ecolab - Lime - A - Way 4/4 L"", ""Pastry - Carrot Muffin - Mini""]","[96, 12, 24, 30, 63, 50, 20, 66, 43, 54, 43, 4, 46, 44, 68, 55, 49, 82, 81, 54, 80, 23, 62, 95, 58, 61, 78, 2, 27, 82]"
4/4/2022,69,414.58,"[""Juice - V8, Tomato"", ""Mushroom - Shitake, Dry"", ""Cactus Pads"", ""Crush - Cream Soda"", ""Pasta - Orzo, Dry"", ""Beef - Bresaola""]","[94, 47, 17, 25, 11, 9, 16, 96, 47, 67, 19, 95, 38, 30, 94, 72, 36, 80, 9, 37, 25, 46, 97, 21, 12, 68, 56, 22, 79, 41]"
4/26/2022,15,786.45,"[""Cheese - Sheep Milk"", ""Wooden Mop Handle"", ""Soup - Knorr, Country Bean"", ""Ginger - Crystalized"", ""Wasabi Powder"", ""Table Cloth 81x81 Colour"", ""Carbonated Water - Orange"", ""Soup - Chicken And Wild Rice"", ""Lettuce - Belgian Endive""]","[96, 39, 37, 98, 34, 7, 57, 97, 58, 62, 38, 51, 59, 89, 12, 78, 83, 14, 24, 16, 57, 71, 76, 27, 43, 96, 64, 10, 54, 97]"
12/3/2021,32,549.8,"[""Wine - Port Late Bottled Vintage"", ""Chinese Foods - Cantonese""]","[15, 54, 100, 60, 8, 30, 42, 87, 23, 62, 6, 23, 35, 67, 29, 4, 56, 73, 53, 85, 91, 38, 16, 82, 42, 1, 11, 14, 2, 60]"
11/27/2021,61,576.46,"[""Cheese - Shred Cheddar / Mozza"", ""Bar Mix - Lemon"", ""Emulsifier"", ""Soup - Knorr, Ministrone"", ""Cabbage - Red"", ""Nut - Pistachio, Shelled"", ""Veal - Round, Eye Of"", ""Flour - Strong Pizza"", ""Cabbage - Green"", ""Wine - Chablis J Moreau Et Fils"", ""Shrimp - Black Tiger 6 - 8"", ""Squash - Acorn"", ""Sprouts - Alfalfa"", ""Eggwhite Frozen"", ""Butter - Pod"", ""Bar Mix - Lemon"", ""Quail - Eggs, Fresh"", ""Wine - Red, Gallo, Merlot"", ""Radish"", ""Ice - Clear, 300 Lb For Carving"", ""Bread - French Stick"", ""Pate - Peppercorn"", ""Beans - Black Bean, Dry"", ""Tomatoes - Diced, Canned"", ""Dry Ice""]","[100, 51, 57, 40, 70, 28, 61, 59, 15, 14, 52, 15, 12, 83, 35, 27, 98, 55, 98, 85, 95, 59, 39, 84, 19, 52, 98, 11, 43, 53]"
12/7/2021,1,83.09,"[""Cake - Cheese Cake 9 Inch"", ""Beef - Ox Tongue"", ""Sour Puss - Tangerine"", ""Wine - Vidal Icewine Magnotta"", ""Pasta - Fettuccine, Egg, Fresh"", ""Cod - Black Whole Fillet"", ""Vinegar - Balsamic, White"", ""Nacho Chips"", ""Latex Rubber Gloves Size 9"", ""Lemonade - Natural, 591 Ml"", ""Soup - Campbells Mac N Cheese"", ""Soup - Campbells, Chix Gumbo"", ""Pail With Metal Handle 16l White"", ""Magnotta Bel Paese Red"", ""Spice - Montreal Steak Spice"", ""Wine - Red, Antinori Santa"", ""Vermouth - Sweet, Cinzano"", ""Marjoram - Dried, Rubbed"", ""Sprouts - Corn"", ""Bacardi Breezer - Tropical"", ""Longos - Grilled Salmon With Bbq"", ""Sauce - Black Current, Dry Mix""]","[57, 8, 99, 61, 97, 96, 38, 84, 6, 28, 5, 46, 100, 73, 79, 38, 98, 92, 54, 29, 48, 99, 87, 37, 76, 21, 50, 82, 48, 10]"
1/25/2022,58,185.29,"[""Pie Filling - Apple"", ""Pesto - Primerba, Paste"", ""Yogurt - Banana, 175 Gr"", ""Plasticspoonblack"", ""Octopus - Baby, Cleaned"", ""Ecolab Crystal Fusion"", ""Peppercorns - Green"", ""Bar Bran Honey Nut"", ""Chicken - Diced, Cooked"", ""Contreau"", ""Wine - Sawmill Creek Autumn"", ""Lemonade - Mandarin, 591 Ml"", ""Turkey - Breast, Bone - In"", ""Tea - Lemon Green Tea"", ""Dried Cherries"", ""Wine - Sawmill Creek Autumn"", ""Wine - Balbach Riverside"", ""Olives - Green, Pitted"", ""Vinegar - Red Wine"", ""Silicone Paper 16.5x24"", ""Ice Cream - Strawberry"", ""Sauce - Plum"", ""Rootbeer"", ""Stock - Beef, White"", ""Cod - Salted, Boneless"", ""Mix - Cocktail Ice Cream""]","[24, 35, 76, 28, 87, 24, 22, 61, 25, 92, 30, 39, 59, 55, 61, 24, 93, 41, 89, 65, 19, 1, 44, 62, 49, 88, 11, 16, 33, 100]"
1/28/2022,20,262.63,"[""Ginger - Ground"", ""Phyllo Dough"", ""Flour - Corn, Fine"", ""Juice - Clam, 46 Oz"", ""Soup - Knorr, Classic Can. Chili"", ""Kellogs Raisan Bran Bars"", ""Sugar Thermometer"", ""Sausage - Liver"", ""Water - Perrier"", ""Chef Hat 20cm"", ""Juice - Clamato, 341 Ml"", ""Cheese - Parmesan Cubes"", ""Danishes - Mini Cheese"", ""Rhubarb"", ""French Pastry - Mini Chocolate"", ""Vinegar - Rice"", ""Table Cloth 90x90 White"", ""Oil - Truffle, Black"", ""Sugar - Individual Portions"", ""Lid Tray - 12in Dome"", ""Ecolab - Hobart Upr Prewash Arm"", ""Banana - Green"", ""Pasta - Rotini, Colour, Dry"", ""Wine - Pinot Noir Stoneleigh"", ""Appetizer - Shrimp Puff"", ""Soup V8 Roasted Red Pepper"", ""Wine - Red, Pelee Island Merlot""]","[71, 20, 1, 81, 8, 95, 34, 27, 43, 16, 18, 17, 50, 62, 73, 24, 28, 73, 14, 18, 37, 55, 38, 71, 25, 11, 89, 58, 97, 10]"
4/9/2022,62,742.62,"[""Orange Roughy 6/8 Oz"", ""Flax Seed""]","[68, 89, 63, 59, 47, 32, 45, 81, 99, 25, 25, 53, 76, 38, 52, 53, 100, 14, 36, 23, 90, 79, 52, 45, 76, 18, 54, 100, 79, 88]"
12/23/2021,112,275.63,"[""Ham - Virginia"", ""Milk - Buttermilk"", ""Versatainer Nc - 888"", ""Flour - Bran, Red"", ""Extract Vanilla Pure"", ""Butter Balls Salted"", ""Dill Weed - Fresh"", ""Banana - Leaves"", ""Flower - Dish Garden"", ""Lettuce - Lolla Rosa"", ""Nut - Peanut, Roasted"", ""Leeks - Baby, White"", ""Trueblue - Blueberry"", ""Fork - Plastic"", ""Skewers - Bamboo"", ""Wine - Red, Wolf Blass, Yellow"", ""Rosemary - Primerba, Paste"", ""Wine - Chateauneuf Du Pape"", ""Foam Tray S2"", ""Squash - Sunburst"", ""Sherry - Dry"", ""Ice Cream Bar - Oreo Cone"", ""Lamb - Whole, Fresh"", ""Galliano"", ""Long Island Ice Tea"", ""Oil - Hazelnut"", ""Croissant, Raw - Mini"", ""Rum - Coconut, Malibu"", ""Flour - Fast / Rapid"", ""Nut - Pine Nuts, Whole""]","[99, 40, 33, 61, 69, 82, 26, 73, 83, 82, 19, 54, 14, 73, 10, 47, 29, 26, 30, 1, 74, 7, 31, 1, 86, 22, 18, 42, 12, 88]"
9/22/2022,79,530.5,"[""Dill Weed - Fresh"", ""Puree - Blackcurrant"", ""Soup - Campbells Chili Veg"", ""Mushroom - Lg - Cello"", ""Wine - Cotes Du Rhone"", ""Shiro Miso"", ""Piping - Bags Quizna"", ""Turnip - Wax"", ""Pork - European Side Bacon"", ""Nut - Walnut, Pieces"", ""Pork - Smoked Kassler"", ""Sprouts - Pea"", ""Cheese - Grana Padano"", ""7up Diet, 355 Ml"", ""Lotus Root"", ""Lotus Rootlets - Canned"", ""Garbage Bag - Clear"", ""Veal - Ground"", ""Mahi Mahi"", ""Salt - Sea"", ""Cookies - Assorted""]","[43, 5, 56, 99, 61, 84, 32, 39, 19, 45, 97, 96, 34, 92, 97, 98, 18, 92, 15, 64, 20, 91, 79, 10, 10, 61, 47, 27, 25, 38]"
8/9/2022,49,172.95,"[""Muffin Hinge 117n"", ""Lettuce - Romaine"", ""Appetizer - Mini Egg Roll, Shrimp"", ""Fennel - Seeds"", ""Beer - Paulaner Hefeweisse"", ""Scallops - Live In Shell"", ""Tea - Decaf Lipton"", ""Frangelico"", ""Olives - Nicoise"", ""Wine - Periguita Fonseca"", ""Veal - Tenderloin, Untrimmed"", ""Lid - 16 Oz And 32 Oz"", ""Tarragon - Fresh"", ""Bagel - Sesame Seed Presliced"", ""Mushroom - Enoki, Dry"", ""Bread - Pullman, Sliced"", ""Corn Kernels - Frozen"", ""Garbage Bag - Clear""]","[23, 72, 83, 15, 4, 51, 14, 58, 12, 60, 28, 84, 85, 68, 41, 90, 25, 48, 34, 75, 86, 53, 43, 100, 10, 75, 87, 59, 6, 91]"
11/11/2021,24,489.85,"[""Squid - Tubes / Tenticles 10/20"", ""Tuna - Sushi Grade"", ""V8 - Tropical Blend"", ""Sun - Dried Tomatoes"", ""Beer - Fruli"", ""Pepper - Paprika, Spanish"", ""Sugar - Palm"", ""Sole - Fillet"", ""Potatoes - Purple, Organic"", ""Wine - Toasted Head"", ""Blueberries"", ""Leeks - Baby, White"", ""Cookie Double Choco""]","[20, 9, 70, 76, 80, 13, 88, 8, 1, 74, 95, 2, 84, 1, 87, 69, 45, 96, 39, 58, 75, 84, 86, 100, 84, 69, 42, 57, 97, 87]"
4/19/2022,59,376.44,"[""Pheasants - Whole"", ""Beef - Ground, Extra Lean, Fresh"", ""Daikon Radish"", ""Chicken - Base, Ultimate"", ""Longos - Grilled Veg Sandwiches"", ""Pear - Asian"", ""Watercress"", ""Broom - Corn"", ""Veal - Knuckle"", ""Onions - Red Pearl"", ""Parasol Pick Stir Stick"", ""Cherries - Bing, Canned"", ""Energy - Boo - Koo"", ""Beets""]","[65, 7, 90, 35, 78, 45, 46, 18, 98, 75, 50, 54, 14, 75, 3, 41, 8, 31, 83, 78, 24, 81, 80, 44, 67, 93, 45, 54, 27, 26]"
10/4/2021,84,557.0,"[""Pasta - Shells, Medium, Dry"", ""Tea - Herbal I Love Lemon"", ""Lidsoupcont Rp12dn"", ""Salt - Sea"", ""Oneshot Automatic Soap System"", ""Sea Bass - Whole"", ""Yoplait Drink"", ""Milk - Condensed"", ""Samosa - Veg"", ""Cheese Cheddar Processed"", ""Pepper - Black, Whole"", ""Food Colouring - Blue""]","[60, 67, 84, 43, 60, 14, 96, 51, 97, 17, 57, 97, 38, 87, 84, 48, 77, 73, 53, 40, 51, 26, 29, 43, 8, 9, 38, 80, 66, 93]"
10/31/2021,120,586.72,"[""Hold Up Tool Storage Rack"", ""Pan Grease"", ""Chestnuts - Whole,canned"", ""Champagne - Brights, Dry"", ""Wine - Red, Cooking"", ""Pickerel - Fillets"", ""Hold Up Tool Storage Rack"", ""Cod - Salted, Boneless"", ""Beans - Soya Bean"", ""Oil - Avocado"", ""Marjoram - Dried, Rubbed"", ""Mushroom - Portebello"", ""Tabasco Sauce, 2 Oz"", ""Bagelers""]","[93, 83, 69, 26, 62, 80, 90, 14, 74, 73, 90, 65, 93, 68, 1, 69, 27, 42, 97, 42, 23, 56, 68, 71, 37, 10, 59, 31, 94, 55]"
11/1/2021,85,518.77,"[""Flavouring - Orange"", ""Sauce - Hollandaise"", ""Nescafe - Frothy French Vanilla"", ""Beef Dry Aged Tenderloin Aaa"", ""Beef - Ground Medium"", ""Beef - Ox Tongue"", ""Rice - 7 Grain Blend"", ""Pepper - Green Thai"", ""Pomegranates"", ""Brandy - Orange, Mc Guiness"", ""Cheese - Camembert"", ""Ice Cream - Super Sandwich"", ""Soup - Knorr, Ministrone"", ""Foie Gras"", ""Beer - Molson Excel"", ""Wine - Red, Antinori Santa"", ""Broom - Corn"", ""Irish Cream - Baileys""]","[97, 60, 19, 56, 44, 14, 46, 95, 76, 82, 32, 66, 1, 89, 94, 93, 75, 99, 96, 66, 84, 10, 87, 99, 48, 17, 33, 18, 42, 41]"
1/21/2022,91,290.85,"[""Tomato - Peeled Italian Canned"", ""Langers - Ruby Red Grapfruit"", ""Sachet"", ""Wine - Alsace Gewurztraminer"", ""Venison - Liver"", ""Mushroom - Oyster, Fresh"", ""Wine - Casablanca Valley"", ""Rice - Sushi"", ""Wine - Peller Estates Late""]","[25, 85, 91, 9, 71, 76, 35, 46, 4, 71, 55, 23, 15, 57, 79, 24, 13, 20, 23, 75, 67, 12, 20, 25, 71, 71, 56, 31, 33, 75]"
11/16/2021,116,423.64,"[""Water - Aquafina Vitamin"", ""Chips Potato All Dressed - 43g"", ""Wine - Black Tower Qr"", ""Kiwi Gold Zespri"", ""Figs"", ""Muffin Chocolate Individual Wrap"", ""Skewers - Bamboo"", ""Parsley Italian - Fresh"", ""Roe - Lump Fish, Red"", ""Lettuce - Lolla Rosa"", ""Wine - White, Mosel Gold"", ""Ice Cream Bar - Rolo Cone"", ""Bread - Triangle White"", ""Canadian Emmenthal"", ""Gelatine Leaves - Bulk"", ""Dill Weed - Dry"", ""Corn Syrup"", ""Lighter - Bbq""]","[50, 71, 47, 52, 4, 24, 50, 4, 12, 55, 62, 73, 12, 83, 45, 29, 17, 43, 97, 40, 28, 59, 63, 94, 94, 55, 96, 88, 91, 99]"
11/22/2021,100,999.38,"[""Ham - Cooked"", ""Chicken Giblets"", ""Glaze - Apricot"", ""Mustard - Individual Pkg"", ""Beef - Eye Of Round"", ""Quail - Whole, Bone - In"", ""Bread - Multigrain Oval"", ""Skirt - 24 Foot"", ""Sobe - Berry Energy"", ""Cheese - Pont Couvert"", ""Soap - Pine Sol Floor Cleaner"", ""Cheese - Mix"", ""Beans - Black Bean, Canned"", ""Pickerel - Fillets"", ""Nut - Walnut, Pieces"", ""Cleaner - Bleach"", ""Bread - French Stick"", ""Sobe - Lizard Fuel"", ""Glass Clear 7 Oz Xl"", ""Sauce - Soya, Dark"", ""Wine - Mondavi Coastal Private"", ""Wine - Soave Folonari""]","[26, 43, 9, 65, 58, 81, 94, 39, 42, 63, 14, 74, 73, 13, 48, 84, 20, 99, 28, 60, 22, 89, 5, 57, 85, 81, 49, 83, 63, 83]"
7/7/2022,157,351.96,"[""Paper Towel Touchless"", ""Wine - Fontanafredda Barolo"", ""Cheese - Mascarpone"", ""Cheese - Stilton"", ""Broom And Broom Rack White"", ""Brocolinni - Gaylan, Chinese"", ""Sping Loaded Cup Dispenser"", ""Stock - Beef, Brown"", ""Sugar - Sweet N Low, Individual"", ""Soap - Hand Soap"", ""Lamb - Sausage Casings"", ""Everfresh Products"", ""Brandy - Bar"", ""Wine - Red, Cooking"", ""Wine - Valpolicella Masi"", ""Sambuca Cream"", ""Absolut Citron"", ""Apricots - Dried"", ""Teriyaki Sauce"", ""Chocolate Bar - Coffee Crisp"", ""Bread Cranberry Foccacia"", ""Juice - Cranberry 284ml"", ""Flour Dark Rye"", ""Avocado""]","[61, 9, 75, 74, 63, 30, 86, 36, 64, 92, 83, 77, 14, 54, 69, 31, 94, 34, 47, 37, 6, 2, 72, 92, 94, 73, 7, 10, 85, 78]"
7/16/2022,147,394.49,"[""Wine - Saint Emilion Calvet"", ""Tabasco Sauce, 2 Oz"", ""Oil - Sesame"", ""Hummus - Spread"", ""Lobster - Base"", ""Scallops - In Shell"", ""Curry Powder Madras"", ""Kellogs All Bran Bars"", ""Pasta - Fusili, Dry"", ""Beer - Sleeman Fine Porter"", ""Chips Potato Swt Chilli Sour"", ""Soup - Base Broth Beef"", ""Bread - Multigrain"", ""Vinegar - Red Wine"", ""Table Cloth 90x90 Colour"", ""Bread - White, Sliced"", ""Marzipan 50/50"", ""Knife Plastic - White"", ""Spice - Pepper Portions"", ""Oil - Olive"", ""Spaghetti Squash"", ""Beef - Ground Medium"", ""Sponge Cake Mix - Chocolate"", ""Vinegar - Raspberry"", ""Sour Puss - Tangerine"", ""Chicken Breast Wing On""]","[82, 12, 80, 42, 8, 7, 91, 53, 13, 83, 14, 73, 29, 38, 9, 9, 77, 44, 40, 94, 39, 67, 47, 5, 39, 37, 56, 22, 37, 17]"
1/16/2022,142,230.36,"[""Sugar - Sweet N Low, Individual"", ""Broom And Brush Rack Black"", ""Dried Apple"", ""Pasta - Fettuccine, Dry"", ""Longos - Lasagna Beef"", ""Kiwi Gold Zespri"", ""Mangoes"", ""Bar Nature Valley"", ""Initation Crab Meat""]","[82, 7, 69, 74, 95, 97, 63, 84, 69, 78, 37, 47, 38, 100, 66, 70, 82, 100, 53, 60, 46, 71, 1, 14, 35, 39, 22, 2, 31, 74]"
8/30/2022,126,482.84,"[""Muffin Mix - Blueberry"", ""Lemon Pepper"", ""Island Oasis - Raspberry"", ""Turkey - Ground. Lean"", ""Soap - Mr.clean Floor Soap"", ""Pepper - Chili Powder"", ""Coffee - Decafenated"", ""Ginger - Pickled""]","[67, 66, 68, 13, 24, 35, 11, 64, 34, 37, 26, 40, 23, 91, 100, 14, 80, 7, 72, 33, 95, 83, 97, 28, 10, 26, 73, 98, 56, 99]"
7/5/2022,148,869.71,"[""Capers - Pickled"", ""Longos - Greek Salad"", ""Bagels Poppyseed"", ""Mop Head - Cotton, 24 Oz"", ""Beans - French"", ""Bread - Roll, Calabrese"", ""Soup - Campbells, Butternut"", ""Mushrooms - Black, Dried"", ""Oil - Grapeseed Oil"", ""Loquat"", ""Higashimaru Usukuchi Soy"", ""Black Currants"", ""Banana Turning"", ""Cornflakes"", ""Wine - Pinot Noir Stoneleigh"", ""Lamb Tenderloin Nz Fr"", ""Sauce - Sesame Thai Dressing"", ""Foil Cont Round"", ""Beer - True North Strong Ale"", ""Cookie Choc"", ""Praline Paste"", ""Nantucket - Kiwi Berry Cktl."", ""Yogurt - Banana, 175 Gr"", ""Momiji Oroshi Chili Sauce"", ""Tray - Foam, Square 4 - S"", ""Muffin Mix - Carrot"", ""Napkin - Beverage 1 Ply"", ""Rice - Brown"", ""Rum - Cream, Amarula"", ""Table Cloth 62x120 Colour""]","[30, 3, 59, 80, 88, 83, 27, 81, 73, 21, 90, 84, 15, 35, 31, 22, 25, 93, 73, 58, 3, 46, 73, 13, 80, 38, 27, 29, 29, 18]"
2/27/2022,115,624.64,"[""Nut - Chestnuts, Whole"", ""Wine - White, Pinot Grigio"", ""Jam - Blackberry, 20 Ml Jar"", ""Oil - Truffle, Black"", ""Cake - French Pear Tart"", ""Tomato - Green"", ""Flower - Commercial Spider"", ""Coffee Beans - Chocolate"", ""Mustard - Dry, Powder"", ""Bag - Bread, White, Plain"", ""Pate - Peppercorn"", ""Water - Mineral, Natural"", ""Dooleys Toffee"", ""Drambuie"", ""Rye Special Old"", ""Crackers - Soda / Saltins"", ""Pails With Lids"", ""Sea Bass - Whole"", ""Yeast Dry - Fleischman"", ""Salt - Table"", ""Wine - Hardys Bankside Shiraz"", ""Paper Towel Touchless"", ""Bread - Pain Au Liat X12"", ""Syrup - Kahlua Chocolate"", ""Crush - Orange, 355ml"", ""Water - Perrier"", ""Oranges - Navel, 72"", ""Eggplant - Baby""]","[44, 33, 54, 83, 100, 43, 74, 89, 42, 37, 79, 78, 85, 94, 94, 18, 76, 12, 60, 89, 54, 47, 21, 61, 1, 98, 27, 93, 67, 60]"
5/15/2022,33,630.78,"[""Irish Cream - Butterscotch"", ""Laundry - Bag Cloth"", ""Juice - V8, Tomato"", ""Bagel - Ched Chs Presliced"", ""Ecolab - Solid Fusion"", ""Pickle - Dill"", ""Milk - 1%"", ""Trout - Rainbow, Frozen"", ""Pork - Hock And Feet Attached"", ""Yogurt - French Vanilla"", ""Muffin Mix - Raisin Bran"", ""Bread - Onion Focaccia"", ""Momiji Oroshi Chili Sauce"", ""Cake - Sheet Strawberry""]","[29, 7, 47, 5, 9, 19, 85, 65, 76, 54, 24, 33, 76, 44, 16, 45, 90, 23, 2, 64, 54, 92, 62, 99, 12, 50, 79, 91, 62, 56]"
2/18/2022,20,433.12,"[""Veal - Slab Bacon"", ""Fennel - Seeds"", ""Parsley Italian - Fresh"", ""Water - Spring Water 500ml"", ""Tomatillo"", ""Cornish Hen"", ""Cake - Bande Of Fruit"", ""Milk - 2%"", ""Beer - Blue Light"", ""Cheese - Pied De Vents"", ""Lobak"", ""Lid - 0090 Clear""]","[9, 17, 100, 68, 46, 13, 27, 83, 53, 13, 41, 70, 4, 10, 7, 98, 37, 2, 71, 71, 89, 58, 51, 34, 41, 43, 9, 99, 82, 40]"
3/24/2022,139,219.21,"[""Jam - Apricot"", ""Steel Wool"", ""Chilli Paste, Ginger Garlic"", ""Croissants Thaw And Serve"", ""Pasta - Gnocchi, Potato"", ""Pasta - Tortellini, Fresh"", ""Glaze - Clear"", ""Mushroom - Morels, Dry"", ""Water - Mineral, Carbonated"", ""Mushroom - Chantrelle, Fresh"", ""Table Cloth 62x114 Colour"", ""Soupfoamcont12oz 112con"", ""Silicone Parch. 16.3x24.3"", ""Cheese - Stilton"", ""Sprouts - Pea"", ""Honey - Lavender"", ""Muffin Hinge - 211n"", ""Monkfish - Fresh"", ""Latex Rubber Gloves Size 9"", ""Juice - V8 Splash"", ""Schnappes - Peach, Walkers"", ""Cucumber - English"", ""Coffee - Hazelnut Cream"", ""Bar - Granola Trail Mix Fruit Nut"", ""Cheese - Brie"", ""Cake - Pancake""]","[15, 6, 16, 95, 53, 51, 20, 51, 78, 67, 32, 60, 4, 91, 18, 50, 17, 70, 95, 51, 94, 62, 36, 51, 60, 6, 59, 16, 56, 46]"
6/28/2022,33,444.25,"[""Tomatoes - Plum, Canned"", ""Laundry - Bag Cloth"", ""Pork - Ground"", ""Blueberries - Frozen"", ""Pasta - Lasagna, Dry"", ""Vodka - Moskovskaya""]","[42, 72, 4, 72, 60, 91, 32, 3, 98, 63, 91, 100, 81, 9, 53, 25, 26, 20, 84, 19, 91, 42, 94, 20, 90, 80, 63, 43, 52, 58]"
12/31/2021,106,115.38,"[""Cocoa Powder - Dutched"", ""Oil - Hazelnut"", ""Juice - Orangina"", ""Bread - Bagels, Mini"", ""Horseradish - Prepared"", ""Bag Clear 10 Lb"", ""Wine - Delicato Merlot"", ""Temperature Recording Station"", ""Pork - Shoulder"", ""Salmon Atl.whole 8 - 10 Lb"", ""Lumpfish Black"", ""Beans - Long, Chinese"", ""Bread - English Muffin"", ""V8 Splash Strawberry Banana"", ""Cranberries - Fresh"", ""Spice - Pepper Portions"", ""Paper - Brown Paper Mini Cups"", ""Wine - Chateau Timberlay"", ""Wine - Jackson Triggs Okonagan"", ""Table Cloth 54x72 Colour""]","[87, 35, 56, 82, 38, 64, 56, 5, 96, 55, 40, 44, 76, 97, 48, 13, 47, 28, 2, 14, 9, 47, 36, 10, 78, 8, 92, 42, 99, 94]"
3/11/2022,145,610.78,"[""Mousse - Passion Fruit"", ""Coffee - Hazelnut Cream"", ""Radish"", ""Wine - Domaine Boyar Royal"", ""Coffee - Decafenated"", ""Sage Ground Wiberg"", ""Grapes - Black"", ""Yeast - Fresh, Fleischman"", ""Chips - Doritos"", ""Sauce - Hollandaise"", ""Crush - Orange, 355ml"", ""Pate - Peppercorn"", ""Pomegranates"", ""Wine - Ruffino Chianti Classico"", ""Bread - Flat Bread"", ""Rabbit - Frozen"", ""Cheese - Brie, Cups 125g"", ""Pea - Snow"", ""Pastry - Baked Scones - Mini"", ""Water - Spring Water, 355 Ml"", ""Veal - Insides Provini"", ""Water, Tap"", ""Sausage - Meat"", ""Cheese - Camembert"", ""Salt - Kosher"", ""Juice - Cranberry 284ml"", ""Pork - Bacon, Sliced"", ""Tea Leaves - Oolong"", ""Mustard - Dry, Powder""]","[82, 7, 80, 33, 39, 87, 17, 8, 45, 76, 85, 91, 84, 17, 96, 39, 13, 12, 65, 17, 50, 27, 4, 26, 32, 28, 18, 76, 20, 33]"
11/6/2021,22,623.82,"[""Jameson - Irish Whiskey"", ""Cinnamon - Stick"", ""Tart - Butter Plain Squares"", ""Flower - Carnations"", ""Wine - White, Chardonnay"", ""Nantucket - Kiwi Berry Cktl."", ""Cheese - Shred Cheddar / Mozza"", ""Beef - Tenderloin - Aa"", ""Langers - Mango Nectar"", ""Table Cloth 72x144 White"", ""Lamb Shoulder Boneless Nz"", ""Bag Stand"", ""Wine - Red, Cabernet Merlot"", ""Veal - Inside, Choice"", ""Table Cloth 90x90 Colour""]","[72, 17, 100, 7, 85, 98, 30, 64, 46, 46, 15, 19, 14, 20, 1, 28, 67, 31, 2, 60, 82, 8, 86, 78, 70, 72, 66, 34, 3, 56]"
7/23/2022,2,303.85,"[""Wine - Red, Pinot Noir, Chateau"", ""Tea - Camomele"", ""Pasta - Orecchiette"", ""Cheese - Comte"", ""Pickle - Dill""]","[82, 13, 71, 24, 7, 52, 98, 75, 62, 46, 86, 7, 7, 60, 80, 7, 52, 55, 97, 2, 51, 80, 31, 25, 30, 34, 37, 67, 20, 31]"
7/18/2022,102,872.01,"[""Muffin Hinge Container 6"", ""Beans - Fine"", ""Gingerale - Schweppes, 355 Ml"", ""Oil - Hazelnut"", ""Wine - Beaujolais Villages"", ""Juice - Clamato, 341 Ml"", ""Pepper - Red, Finger Hot"", ""Beer - Heinekin"", ""Flour - Bread"", ""Juice - Apple, 1.36l"", ""Apricots Fresh"", ""Shrimp - Black Tiger 8 - 12"", ""Toamtoes 6x7 Select"", ""Pork - Belly Fresh"", ""Pears - Bosc"", ""Halibut - Whole, Fresh"", ""Pastry - Baked Scones - Mini"", ""Table Cloth 90x90 Colour"", ""Papadam"", ""Sauce - Balsamic Viniagrette"", ""Salami - Genova""]","[3, 83, 65, 79, 92, 82, 43, 11, 66, 7, 26, 28, 73, 100, 10, 23, 50, 87, 96, 30, 70, 32, 94, 7, 77, 92, 84, 3, 9, 3]"
9/15/2022,51,94.05,"[""Peas - Frozen"", ""Juice - Grape, White"", ""Scampi Tail"", ""Soup - Campbells, Chix Gumbo"", ""Red Currants"", ""Muffin Mix - Raisin Bran"", ""Shrimp - Baby, Warm Water"", ""Appetizer - Assorted Box"", ""Red Currants"", ""Danishes - Mini Cheese"", ""Halibut - Whole, Fresh"", ""Soup Knorr Chili With Beans""]","[91, 52, 14, 85, 96, 26, 31, 63, 17, 18, 59, 41, 8, 14, 74, 37, 91, 97, 22, 85, 42, 68, 56, 62, 44, 50, 32, 66, 79, 1]"
5/26/2022,170,10.97,"[""Wine - Sauvignon Blanc"", ""Star Anise, Whole"", ""Wine - Gato Negro Cabernet"", ""Olives - Nicoise"", ""Wine - Semi Dry Riesling Vineland"", ""Glass Clear 7 Oz Xl"", ""Lemonade - Black Cherry, 591 Ml"", ""Lamb - Bones"", ""Lettuce - Boston Bib"", ""Vinegar - Rice"", ""Pepper - White, Ground"", ""Mustard - Seed"", ""Squeeze Bottle"", ""Maple Syrup"", ""Bagel - Everything Presliced"", ""Cheese - Brie, Cups 125g"", ""Wine - Red, Marechal Foch"", ""Pasta - Angel Hair"", ""Rum - Light, Captain Morgan"", ""Honey - Comb""]","[62, 37, 71, 32, 41, 34, 49, 58, 66, 49, 59, 29, 86, 50, 61, 55, 67, 35, 13, 60, 49, 64, 51, 44, 32, 72, 6, 86, 15, 21]"
10/3/2021,136,640.75,"[""Wine - Alicanca Vinho Verde"", ""Parasol Pick Stir Stick"", ""Pork - Back, Short Cut, Boneless"", ""Oregano - Dry, Rubbed"", ""Sauce - Fish 25 Ozf Bottle"", ""Vaccum Bag 10x13"", ""Strawberries - California"", ""Bread - English Muffin"", ""Towel Multifold"", ""Island Oasis - Banana Daiquiri"", ""Halibut - Whole, Fresh"", ""Pepper - Cayenne"", ""Foil - 4oz Custard Cup"", ""Lid - Translucent, 3.5 And 6 Oz"", ""Tandoori Curry Paste"", ""Sour Puss Raspberry"", ""Muffin Puck Ww Carrot"", ""The Pop Shoppe Pinapple""]","[34, 61, 98, 69, 99, 45, 35, 10, 81, 25, 95, 38, 67, 51, 54, 58, 95, 45, 88, 48, 15, 99, 29, 68, 6, 34, 10, 28, 34, 82]"
5/4/2022,37,894.65,"[""Cheese - Valancey"", ""Beef - Texas Style Burger"", ""Yams"", ""Wine - Jaboulet Cotes Du Rhone"", ""Wine - Spumante Bambino White"", ""Bouillion - Fish"", ""Calvados - Boulard"", ""Rice Paper"", ""Beef - Striploin Aa"", ""Onions - Red"", ""Table Cloth 54x72 White"", ""Tilapia - Fillets"", ""Lettuce - Lambs Mash""]","[95, 72, 57, 26, 89, 48, 42, 85, 15, 51, 73, 19, 11, 1, 3, 59, 79, 81, 84, 61, 21, 48, 95, 45, 16, 10, 22, 25, 39, 65]"
